{"nextId":9,"logins":[{"id":2,"hostname":"https://edition.cnn.com","httpRealm":null,"formSubmitURL":"https://edition.cnn.com","usernameField":"loginEmail","passwordField":"loginPassword","encryptedUsername":"MDIEEPgAAAAAAAAAAAAAAAAAAAEwFAYIKoZIhvcNAwcECCYmvyAKtelhBAjU+Y3PB+oWvg==","encryptedPassword":"MDoEEPgAAAAAAAAAAAAAAAAAAAEwFAYIKoZIhvcNAwcECFL2k8AXxEe1BBDw9xbp4/EmORAebEPnD8De","guid":"{5e1cbe70-5d1e-41dd-8194-92b18c400375}","encType":1,"timeCreated":1723016010000,"timeLastUsed":1723016010000,"timePasswordChanged":1723016010000,"timesUsed":1,"syncCounter":2,"everSynced":false,"encryptedUnknownFields":null},{"id":3,"hostname":"https://www.amazon.in","httpRealm":null,"formSubmitURL":"https://www.amazon.in","usernameField":"email","passwordField":"password","encryptedUsername":"MEIEEPgAAAAAAAAAAAAAAAAAAAEwFAYIKoZIhvcNAwcECG4nCMB1sn0eBBjoKwbTk+VqYi/8+NscDtftVy+g0uGG24E=","encryptedPassword":"MDoEEPgAAAAAAAAAAAAAAAAAAAEwFAYIKoZIhvcNAwcECDbbYNLUwuitBBDbahEkewKyckoxfxz7/6sc","guid":"{38f4f1be-964a-492b-a54b-78687211be36}","encType":1,"timeCreated":1723020101881,"timeLastUsed":1723020101881,"timePasswordChanged":1723020101881,"timesUsed":1,"syncCounter":1,"everSynced":false,"encryptedUnknownFields":"MDIEEPgAAAAAAAAAAAAAAAAAAAEwFAYIKoZIhvcNAwcECGjM1Tpsr1WnBAhnEzGknS2mqQ=="},{"id":4,"hostname":"https://accounts.evernote.com","httpRealm":null,"formSubmitURL":"https://accounts.evernote.com","usernameField":"","passwordField":"","encryptedUsername":"MEIEEPgAAAAAAAAAAAAAAAAAAAEwFAYIKoZIhvcNAwcECLpV4FxfGYzzBBgxYK0RFv8hYEIWH+uUhvv9v6ZU21TiFy4=","encryptedPassword":"MDoEEPgAAAAAAAAAAAAAAAAAAAEwFAYIKoZIhvcNAwcECIiUsIbJPXQvBBC9ude+5Bwu9xiEjAA5qfbV","guid":"{9b18c4d8-3fe0-449d-90ea-456959c26347}","encType":1,"timeCreated":1723029535047,"timeLastUsed":1723029535047,"timePasswordChanged":1723029535047,"timesUsed":1,"syncCounter":2,"everSynced":false,"encryptedUnknownFields":null},{"id":5,"hostname":"https://www.facebook.com","httpRealm":null,"formSubmitURL":"https://www.facebook.com","usernameField":"email","passwordField":"pass","encryptedUsername":"MDoEEPgAAAAAAAAAAAAAAAAAAAEwFAYIKoZIhvcNAwcECB9r/1PaMWvHBBAKFaWDSSAraXs7AfHj5wTt","encryptedPassword":"MDoEEPgAAAAAAAAAAAAAAAAAAAEwFAYIKoZIhvcNAwcECI3sF8lVR3Y0BBBHSKtBkeghmn/xSCxT3oeP","guid":"{4394f457-403c-484a-af27-1917a0416b60}","encType":1,"timeCreated":1723031312545,"timeLastUsed":1723031312545,"timePasswordChanged":1723031312545,"timesUsed":1,"syncCounter":1,"everSynced":false,"encryptedUnknownFields":"MDIEEPgAAAAAAAAAAAAAAAAAAAEwFAYIKoZIhvcNAwcECIGEjS6OtDNXBAji4GqCdjPg4Q=="},{"id":6,"hostname":"https://auth.allrecipes.com","httpRealm":null,"formSubmitURL":"https://auth.allrecipes.com","usernameField":"username","passwordField":"password","encryptedUsername":"MEoEEPgAAAAAAAAAAAAAAAAAAAEwFAYIKoZIhvcNAwcECC+J99YbB+z5BCBD+6hdebZdvXK1U3J0gUvKY9Gov+JHmdJOekZvjnBHRw==","encryptedPassword":"MDoEEPgAAAAAAAAAAAAAAAAAAAEwFAYIKoZIhvcNAwcECIcHBXEsMJfRBBCB3iusgmrbivI6qS/5q+Rq","guid":"{7f886038-c15a-407d-babc-cf290d9afea0}","encType":1,"timeCreated":1723031422195,"timeLastUsed":1723031422195,"timePasswordChanged":1723031422195,"timesUsed":1,"syncCounter":1,"everSynced":false,"encryptedUnknownFields":"MDIEEPgAAAAAAAAAAAAAAAAAAAEwFAYIKoZIhvcNAwcECGLXjTcJ0lGsBAh5QoWXdhnSnQ=="},{"id":7,"hostname":"https://www.dropbox.com","httpRealm":null,"formSubmitURL":"https://www.dropbox.com","usernameField":"email","passwordField":"password","encryptedUsername":"MEIEEPgAAAAAAAAAAAAAAAAAAAEwFAYIKoZIhvcNAwcECHKG6C1WtJDOBBhAloy47M+NSBlR0wEkIgxaZ43uCDfICyc=","encryptedPassword":"MDoEEPgAAAAAAAAAAAAAAAAAAAEwFAYIKoZIhvcNAwcECKfv2Ofjws2ZBBCFdgbyIvPg8dxuBnSjxzNt","guid":"{f9d6f2e5-eb25-4521-9e85-87a7f6bd5b96}","encType":1,"timeCreated":1723031681883,"timeLastUsed":1723031681883,"timePasswordChanged":1723031681883,"timesUsed":1,"syncCounter":2,"everSynced":false,"encryptedUnknownFields":null},{"id":8,"hostname":"https://www.airbnb.co.in","httpRealm":null,"formSubmitURL":"https://www.airbnb.co.in","usernameField":"user[email]","passwordField":"user[password]","encryptedUsername":"MEIEEPgAAAAAAAAAAAAAAAAAAAEwFAYIKoZIhvcNAwcECHP2vRz8evhJBBgmQq69FZlOyNNY7kZRfVDYZkMpaS9c8sw=","encryptedPassword":"MDoEEPgAAAAAAAAAAAAAAAAAAAEwFAYIKoZIhvcNAwcECBAMHxS44sDxBBDVbMfc56PnA5MPhfCw+rUu","guid":"{81d52717-4cc3-4d47-9a4d-1e86f8029859}","encType":1,"timeCreated":1723031759187,"timeLastUsed":1723031759187,"timePasswordChanged":1723031759187,"timesUsed":1,"syncCounter":2,"everSynced":false,"encryptedUnknownFields":null}],"potentiallyVulnerablePasswords":[],"dismissedBreachAlertsByLoginGUID":{},"version":3}