{"environment":{"locale":"en-US","localeLanguageCode":"en","browserSettings":{"update":{"channel":"release","enabled":true,"autoDownload":true,"background":true}},"attributionData":{"campaign":"%2528not%2Bset%2529","content":"%2528not%2Bset%2529","dlsource":"mozorg","dltoken":"8e91967e-4e32-4f5e-a806-a6f1ae0dc0d9","experiment":"%2528not%2Bset%2529","medium":"referral","source":"www.google.com","ua":"chrome","variation":"%2528not%2Bset%2529"},"currentDate":"2024-08-07T11:17:58.210Z","profileAgeCreated":1722974780588,"usesFirefoxSync":false,"isFxAEnabled":true,"isFxASignedIn":false,"sync":{"desktopDevices":0,"mobileDevices":0,"totalDevices":0},"xpinstallEnabled":true,"addonsInfo":{"addons":{"formautofill@mozilla.org":{"version":"1.0.1","type":"extension","isSystem":true,"isWebExtension":true,"name":"Form Autofill","userDisabled":false,"installDate":"2024-08-01T15:02:09.000Z"},"pictureinpicture@mozilla.org":{"version":"1.0.0","type":"extension","isSystem":true,"isWebExtension":true,"name":"Picture-In-Picture","userDisabled":false,"installDate":"2024-08-01T15:02:09.000Z"},"webcompat@mozilla.org":{"version":"129.5.0","type":"extension","isSystem":true,"isWebExtension":true,"name":"Web Compatibility Interventions","userDisabled":false,"installDate":"2024-08-01T15:02:09.000Z"},"addons-search-detection@mozilla.com":{"version":"2.0.0","type":"extension","isSystem":false,"isWebExtension":true,"name":"Add-ons Search Detection","userDisabled":false,"installDate":"2024-08-06T20:06:59.848Z"}},"isFullData":true},"searchEngines":{"current":"google-b-d","installed":["google-b-d","bing","ddg","wikipedia"]},"isDefaultBrowser":false,"devToolsOpenedCount":0,"topFrecentSites":[{"url":"https://cookbookmanager.com/","host":"cookbookmanager.com","frecency":2194,"lastVisitDate":1722977154447},{"url":"https://www.reddit.com/r/AskReddit/comments/gaodus/you_need_to_hide_from_the_police_for_a_month_how/?rdt=64175","host":"www.reddit.com","frecency":171,"lastVisitDate":1722977175508},{"url":"https://amazon.com","host":"amazon.com","frecency":100,"lastVisitDate":1723020077678},{"url":"https://google.com","host":"google.com","frecency":100,"lastVisitDate":1723020056676},{"url":"https://edition.cnn.com/account/log-in","host":"edition.cnn.com","frecency":100,"lastVisitDate":1723015877417}],"recentBookmarks":[{"bookmarkGuid":"3z9IQESYTgUR","description":null,"guid":"OuJH1OMwVCNi","preview_image_url":null,"title":"You need to hide from the police for a month how to you do it? : r/AskReddit","url":"https://www.reddit.com/r/AskReddit/comments/gaodus/you_need_to_hide_from_the_police_for_a_month_how/?rdt=64175","date_added":1722977179770,"type":"bookmark"},{"bookmarkGuid":"vxLAeUoY7cKx","description":"CookBook is the all-in-one recipe keeper & cooking app for iOS, Android & Web. Add & organise your recipes, plan your meals, create shopping lists and more!","guid":"HUc4gkLykUW5","preview_image_url":"https://cdn.prod.website-files.com/63bb7fe09d70bb7dc8e86719/63d8cad496d4f661ff2b5b62_CookBook%20Open%20Graph%20Image%20(1200px%20x%20630px).png","title":"CookBook - The Recipe Manager & Planner App","url":"https://cookbookmanager.com/","date_added":1722977159842,"type":"bookmark"}],"pinnedSites":[],"providerCohorts":{"cfr":"","message-groups":"","messaging-experiments":"","onboarding":""},"totalBookmarksCount":7,"firefoxVersion":129,"region":"IN","needsUpdate":false,"hasPinnedTabs":false,"hasAccessedFxAPanel":false,"userPrefs":{"cfrFeatures":true,"cfrAddons":true},"totalBlockedCount":114,"blockedCountByType":{"trackerCount":0,"cookieCount":111,"cryptominerCount":0,"fingerprinterCount":2,"socialCount":1},"attachedFxAOAuthClients":[],"platformName":"win","isChinaRepack":false,"userId":"4a65eac2-970b-4db0-b2fb-6c8d63db0809","profileRestartCount":0,"homePageSettings":{"isWebExt":false,"isCustomUrl":false,"urls":[{"url":"about:home","host":""}],"isDefault":true,"isLocked":false},"newtabSettings":{"isWebExt":false,"isCustomUrl":false,"isDefault":true,"url":"about:newtab","host":""},"activeNotifications":false,"isMajorUpgrade":false,"hasActiveEnterprisePolicies":false,"userMonthlyActivity":[[41,"2024-08-07"]],"doesAppNeedPin":true,"doesAppNeedPrivatePin":true,"launchOnLoginEnabled":false,"isMSIX":false,"isBackgroundTaskMode":false,"backgroundTaskName":null,"userPrefersReducedMotion":false,"distributionId":"","fxViewButtonAreaType":"toolbar","isDefaultHandler":{"html":false,"pdf":false},"defaultPDFHandler":{"registered":true,"knownBrowser":false},"creditCardsSaved":0,"addressesSaved":0,"hasMigratedBookmarks":false,"hasMigratedCSVPasswords":false,"hasMigratedHistory":false,"hasMigratedPasswords":false,"useEmbeddedMigrationWizard":true,"isRTAMO":false,"isDeviceMigration":false,"primaryResolution":{"width":1536,"height":816},"archBits":64,"memoryMB":7873.9765625,"isFirstStartup":false,"activeExperiments":["long-term-holdback-2024-h2-velocity-desktop","pin-email-and-calendar-tabs-early-day-user"],"activeRollouts":["backgroundupdate-enable-unelevated-installations-rollout-3-release","csv-import-release-rollout","ech-roll-out","upgrade-spotlight-rollout","launch-firefox-on-os-restart-treatment-a-rollout","phc-rollout","highlighting-in-pdfs-rollout","disable-redirects-for-authretries","home-and-newtab-wallpapers-v2-rollout-global-relaunch","consolidated-search-configuration-row-desktop-relaunch"],"previousExperiments":[],"previousRollouts":[],"enrollments":["backgroundupdate-enable-unelevated-installations-rollout-3-release","csv-import-release-rollout","ech-roll-out","upgrade-spotlight-rollout","launch-firefox-on-os-restart-treatment-a-rollout","phc-rollout","highlighting-in-pdfs-rollout","long-term-holdback-2024-h2-velocity-desktop","disable-redirects-for-authretries","pin-email-and-calendar-tabs-early-day-user","home-and-newtab-wallpapers-v2-rollout-global-relaunch","consolidated-search-configuration-row-desktop-relaunch"],"enrollmentsMap":{"backgroundupdate-enable-unelevated-installations-rollout-3-release":"enabled","csv-import-release-rollout":"enable-csv-import","ech-roll-out":"rollout","upgrade-spotlight-rollout":"treatment","launch-firefox-on-os-restart-treatment-a-rollout":"treatment-a","phc-rollout":"rollout","highlighting-in-pdfs-rollout":"treatment","long-term-holdback-2024-h2-velocity-desktop":"delivery","disable-redirects-for-authretries":"control","pin-email-and-calendar-tabs-early-day-user":"treatment-a","home-and-newtab-wallpapers-v2-rollout-global-relaunch":"control","consolidated-search-configuration-row-desktop-relaunch":"rollout"}},"version":1}